{"as_of": "2025-11-17", "window_days": 365, "churn_threshold_days": 90, "features": ["rScore", "fScore", "mScore"], "use_recency": false, "use_rfm_scores": true, "samples_total": 387, "samples_train": 309, "samples_val": 78, "val_accuracy": 0.5769230769230769, "val_auc": 0.5444972826086957, "val_f1": 0.6206896551724138, "val_precision": 0.6585365853658537, "val_recall": 0.5869565217391305}