{"seq_mean": [16.945084561602446, 1618.8803642290245, 5.5, 8953.69051516437, 15.38514920413714, 1625.5297794711478], "seq_std": [27.500594793142476, 922.4355991054591, 2.8722813332690142, 5456.8727581867615, 12.72879449221694, 537.7016078302572], "target_mean": 18.482142857142858, "target_std": 36.85250092892804}