{"as_of": "2025-11-20", "min_transactions": 3, "max_sequence_length": 10, "hidden_size": 64, "num_layers": 2, "samples_total": 336, "samples_train": 269, "samples_val": 67, "val_mae": 18.95679473876953, "val_rmse": 33.72282028198242, "avg_target_days": 18.482142857142858}