{"seq_mean": [16.95081271747941, 1618.994704228038, 5.5, 8943.75841079172, 15.39379380135996, 1621.0173797191014], "seq_std": [27.442580631320457, 921.4692626518882, 2.8722813332690142, 5451.64443512378, 12.836024635415395, 531.4069831512707], "target_mean": 18.783783783783782, "target_std": 36.92100294538967}