{"as_of": "2025-11-17", "min_transactions": 3, "max_sequence_length": 10, "hidden_size": 64, "num_layers": 2, "samples_total": 333, "samples_train": 267, "samples_val": 66, "val_mae": 19.391517639160156, "val_rmse": 39.5919075012207, "avg_target_days": 18.783783783783782}